X,Y,OBJECTID_1,Station,Station_Ty,County,Region,Division,Country,Lifesaving,Lifesavi_1,Lat_Dec_De,Long_Dec_D,URL
-1.37520023199994,60.2863088280001,1,Aith,ALB,Shetland Islands,Scotland,Central & Shetland,GBR,Scotland,4,60.28630829,-1.37521398,https://rnli.org/find-my-nearest/lifeboat-stations/aith-lifeboat-station
-2.96031525599994,58.9854046620001,2,Kirkwall,ALB,Orkney Islands,Scotland,Highlands,GBR,Scotland,1,58.98542786,-2.96036506,https://rnli.org/find-my-nearest/lifeboat-stations/kirkwall-lifeboat-station
-1.14021995699994,60.1532866470001,3,Lerwick,ALB,Shetland Islands,Scotland,Central & Shetland,GBR,Scotland,4,60.1532402,-1.14059305,https://rnli.org/find-my-nearest/lifeboat-stations/lerwick-lifeboat-station
-3.20688087899993,58.8005757010001,4,Longhope,ALB,Orkney Islands,Scotland,Highlands,GBR,Scotland,1,58.80057907,-3.20692396,https://rnli.org/find-my-nearest/lifeboat-stations/longhope-lifeboat-station
-3.29768991499998,58.963336945,5,Stromness,ALB,Orkney Islands,Scotland,Highlands,GBR,Scotland,1,58.96333694,-3.29768991,https://rnli.org/find-my-nearest/lifeboat-stations/stromness-lifeboat-station
-2.95271563599994,57.680841383,6,Buckie,ALB,Moray,Scotland,Highlands,GBR,Scotland,3,57.68086624,-2.95271206,https://rnli.org/find-my-nearest/lifeboat-stations/buckie-lifeboat-station
-4.16740722599997,57.6865439530001,7,Invergordon,ALB,Highland,Scotland,Highlands,GBR,Scotland,2,57.68654633,-4.16740704,https://rnli.org/find-my-nearest/lifeboat-stations/invergordon-lifeboat-station
-4.23465378999992,57.5009910700001,8,Kessock,ILB,Highland,Scotland,Highlands,GBR,Scotland,2,57.50094223,-4.2346611,https://rnli.org/find-my-nearest/lifeboat-stations/kessock-lifeboat-station
-4.44443227999994,57.3367449200001,9,Loch Ness,ILB,Highland,Scotland,Highlands,GBR,Scotland,2,57.33672714,-4.44443607,https://rnli.org/find-my-nearest/lifeboat-stations/loch-ness-lifeboat-station
-2.49427239299996,57.6726974050001,10,Macduff,ILB,Aberdeenshire,Scotland,Highlands,GBR,Scotland,3,57.67272568,-2.49433398,https://rnli.org/find-my-nearest/lifeboat-stations/macduff-lifeboat-station
-3.54697976299997,58.6121206660001,11,Thurso,ALB,Highland,Scotland,Highlands,GBR,Scotland,1,58.61207962,-3.54693198,https://rnli.org/find-my-nearest/lifeboat-stations/thurso-lifeboat-station
-3.08295339899996,58.4393365080001,12,Wick,ALB,Highland,Scotland,Highlands,GBR,Scotland,1,58.43935013,-3.08292603,https://rnli.org/find-my-nearest/lifeboat-stations/wick-lifeboat-station
-2.08043070099995,57.1440391240001,13,Aberdeen,ALB/ILB,Aberdeenshire,Scotland,Central & Shetland,GBR,Scotland,3,57.14404678,-2.08042908,https://rnli.org/find-my-nearest/lifeboat-stations/aberdeen-lifeboat-station
-2.58482664699994,56.555266616,14,Arbroath,ALB/ILB,Angus,Scotland,Central & Shetland,GBR,Scotland,4,56.55530167,-2.58483911,https://rnli.org/find-my-nearest/lifeboat-stations/arbroath-lifeboat-station
-2.87739999999997,56.465,15,Broughty Ferry,ALB/ILB,City Of Dundee,Scotland,Central & Shetland,GBR,Scotland,4,56.46497726,-2.87730908,https://rnli.org/find-my-nearest/lifeboat-stations/broughty-ferry-lifeboat-station
-2.00282398399997,57.6935710600001,16,Fraserburgh,ALB,Aberdeenshire,Scotland,Highlands,GBR,Scotland,3,57.6935463,-2.00281096,https://rnli.org/find-my-nearest/lifeboat-stations/fraserburgh-lifeboat-station
-2.46390785099993,56.7036633880001,17,Montrose,ALB/ILB,Angus,Scotland,Central & Shetland,GBR,Scotland,3,56.7068,-2.4721,https://rnli.org/find-my-nearest/lifeboat-stations/montrose-lifeboat-station
-1.77463431499996,57.5030418690001,18,Peterhead,ALB,Aberdeenshire,Scotland,Highlands,GBR,Scotland,2,57.50308228,-1.77463305,https://rnli.org/find-my-nearest/lifeboat-stations/peterhead-lifeboat-station
-2.20131322399993,56.960638257,19,Stonehaven,ILB,Aberdeenshire,Scotland,Central & Shetland,GBR,Scotland,3,56.960859,-2.201622,https://rnli.org/find-my-nearest/lifeboat-stations/stonehaven-lifeboat-station
-2.69731761799994,56.2215195970001,20,Anstruther,ALB/ILB,Fife,Scotland,Central & Shetland,GBR,Scotland,4,56.22143936,-2.69738507,https://rnli.org/find-my-nearest/lifeboat-stations/anstruther-lifeboat-station
-2.51490935299995,56.005043162,21,Dunbar,ALB/ILB,East Lothian,Scotland,Central & Shetland,GBR,Scotland,42,56.00503922,-2.51494408,https://rnli.org/find-my-nearest/lifeboat-stations/dunbar-lifeboat-station
-2.08611488299994,55.8721771240001,22,Eyemouth,ALB/ILB,Scottish Borders,Scotland,Central & Shetland,GBR,Scotland,42,55.87217712,-2.08611488,https://rnli.org/find-my-nearest/lifeboat-stations/eyemouth-lifeboat-station
-3.17395391299993,56.0685481130001,23,Kinghorn,ILB,Fife,Scotland,Central & Shetland,GBR,Scotland,4,56.06860352,-3.17407298,https://rnli.org/find-my-nearest/lifeboat-stations/kinghorn-lifeboat-station
-2.71763353299997,56.060237294,24,North Berwick,ILB,East Lothian,Scotland,Central & Shetland,GBR,Scotland,42,56.06032944,-2.71764398,https://rnli.org/find-my-nearest/lifeboat-stations/north-berwick-lifeboat-station
-3.38519999999994,55.9906,25,Queensferry,ILB,City Of Edinburgh,Scotland,Central & Shetland,GBR,Scotland,42,55.99063492,-3.38525891,https://rnli.org/find-my-nearest/lifeboat-stations/queensferry-lifeboat-station
-1.58159999999998,55.3364,26,Amble,ALB/ILB,Northumberland,NorthAndEast,North & Scot South,GBR,NorthAndEast,43,55.33644867,-1.58167696,https://rnli.org/find-my-nearest/lifeboat-stations/amble-lifeboat-station
-2.00027844199997,55.760970935,27,Berwick-Upon-Tweed,ALB/ILB,Northumberland,NorthAndEast,North & Scot South,GBR,NorthAndEast,43,55.76094818,-2.00026798,https://rnli.org/find-my-nearest/lifeboat-stations/berwick-upon-tweed-lifeboat-station
-1.49804902099993,55.1255912780001,28,Blyth,ILB,Northumberland,NorthAndEast,North & Scot South,GBR,NorthAndEast,5,55.12559128,-1.49804902,https://rnli.org/find-my-nearest/lifeboat-stations/blyth-lifeboat-station
-1.59413950599998,55.4726299860001,29,Craster,ILB,Northumberland,NorthAndEast,North & Scot South,GBR,NorthAndEast,43,55.47262192,-1.59415996,https://rnli.org/find-my-nearest/lifeboat-stations/craster-lifeboat-station
-1.43209066399993,55.0355199630001,30,Cullercoats,ILB,Tyne and Wear,NorthAndEast,North & Scot South,GBR,NorthAndEast,5,55.0355072,-1.43205297,https://rnli.org/find-my-nearest/lifeboat-stations/cullercoats-lifeboat-station
-1.50659999999993,55.1859000000001,31,Newbiggin,ILB,Northumberland,NorthAndEast,North & Scot South,GBR,NorthAndEast,43,55.18592453,-1.50658906,https://rnli.org/find-my-nearest/lifeboat-stations/newbiggin-lifeboat-station
-1.65389999999996,55.5829000000001,32,Seahouses,ALB/ILB,Northumberland,NorthAndEast,North & Scot South,GBR,NorthAndEast,43,55.58288574,-1.65403199,https://rnli.org/find-my-nearest/lifeboat-stations/seahouses-lifeboat-station
-1.43292167399994,55.0091116930001,33,Tynemouth,ALB/ILB,Tyne and Wear,NorthAndEast,North & Scot South,GBR,NorthAndEast,5,55.00916672,-1.43289804,https://rnli.org/find-my-nearest/lifeboat-stations/tynemouth-lifeboat-station
-1.19095976699992,54.694837765,34,Hartlepool,ALB/ILB,County Durham,NorthAndEast,North & Scot South,GBR,NorthAndEast,6,54.69483948,-1.19103801,https://rnli.org/find-my-nearest/lifeboat-stations/hartlepool-lifeboat-station
-1.06366660899994,54.6185868760001,35,Redcar,ILB,North Yorkshire,NorthAndEast,North & Scot South,GBR,NorthAndEast,6,54.61857224,-1.06369996,https://rnli.org/find-my-nearest/lifeboat-stations/redcar-lifeboat-station
-0.791727453999954,54.559757172,36,Staithes and Runswick,ILB,North Yorkshire,NorthAndEast,North & Scot South,GBR,NorthAndEast,6,54.55978775,-0.79176903,https://rnli.org/find-my-nearest/lifeboat-stations/staithes-and-runswick-lifeboat-station
-1.36746103499996,54.9199399,37,Sunderland,ILB,Tyne and Wear,NorthAndEast,North & Scot South,GBR,NorthAndEast,5,54.92048645,-1.36443996,https://rnli.org/find-my-nearest/lifeboat-stations/sunderland-lifeboat-station
-0.613084887999946,54.4881804510001,38,Whitby,ALB/ILB,North Yorkshire,NorthAndEast,North & Scot South,GBR,NorthAndEast,6,54.48812866,-0.613078,https://rnli.org/find-my-nearest/lifeboat-stations/whitby-lifeboat-station
-0.199732765999954,54.0764642250001,39,Bridlington,ALB/ILB,East Riding Of Yorkshire,NorthAndEast,East,GBR,NorthAndEast,7,54.0791893,-0.197475,https://rnli.org/find-my-nearest/lifeboat-stations/bridlington-lifeboat-station
-0.283378295999967,54.2113064330001,40,Filey,ALB/ILB,North Yorkshire,NorthAndEast,North & Scot South,GBR,NorthAndEast,7,54.2113266,-0.28338599,https://rnli.org/find-my-nearest/lifeboat-stations/filey-lifeboat-station
-0.118986898999935,54.104723601,41,Flamborough,ILB,East Riding Of Yorkshire,NorthAndEast,East,GBR,NorthAndEast,7,54.1047287,-0.118977,https://rnli.org/find-my-nearest/lifeboat-stations/flamborough-lifeboat-station
0.1107,53.5764,42,Humber,ALB,East Riding Of Yorkshire,NorthAndEast,East,GBR,NorthAndEast,8,53.57631302,0.112057,https://rnli.org/find-my-nearest/lifeboat-stations/humber-lifeboat-station
-0.393126723999956,54.28345461,43,Scarborough,ALB/ILB,North Yorkshire,NorthAndEast,North & Scot South,GBR,NorthAndEast,7,54.28341293,-0.393094,https://rnli.org/find-my-nearest/lifeboat-stations/scarborough-lifeboat-station
0.040723640000067,53.7261043060001,44,Withernsea,ILB,East Riding Of Yorkshire,NorthAndEast,East,GBR,NorthAndEast,7,53.72606659,0.040748,https://rnli.org/find-my-nearest/lifeboat-stations/withernsea-lifeboat-station
-0.023211422999964,53.5568799850001,45,Cleethorpes,ILB,Lincolnshire,NorthAndEast,East,GBR,NorthAndEast,8,53.55696869,-0.023296,https://rnli.org/find-my-nearest/lifeboat-stations/cleethorpes-lifeboat-station
0.5026,52.9541,46,Hunstanton,ILB,Norfolk,NorthAndEast,East,GBR,NorthAndEast,44,52.95406342,0.50268102,https://rnli.org/find-my-nearest/lifeboat-stations/hunstanton-lifeboat-station
0.266,53.3408000000001,47,Mablethorpe,ILB,Lincolnshire,NorthAndEast,East,GBR,NorthAndEast,8,53.34079742,0.265903,https://rnli.org/find-my-nearest/lifeboat-stations/mablethorpe-lifeboat-station
1.20274398700008,52.9459257940001,48,Sheringham,ILB,Norfolk,NorthAndEast,East,GBR,NorthAndEast,44,52.945961,1.20262694,https://rnli.org/find-my-nearest/lifeboat-stations/sheringham-lifeboat-station
0.346730248000028,53.1417649370001,49,Skegness,ALB/ILB,Lincolnshire,NorthAndEast,East,GBR,NorthAndEast,8,53.14180374,0.34675601,https://rnli.org/find-my-nearest/lifeboat-stations/skegness-lifeboat-station
0.851731633000043,52.972995262,50,Wells,ALB/ILB,Norfolk,NorthAndEast,East,GBR,NorthAndEast,44,52.97297668,0.85176498,https://rnli.org/find-my-nearest/lifeboat-stations/wells-lifeboat-station
1.30170361400008,52.934366261,51,Cromer,ALB/ILB,Norfolk,NorthAndEast,East,GBR,NorthAndEast,44,52.93429947,1.301633,https://rnli.org/find-my-nearest/lifeboat-stations/cromer-lifeboat-station
1.73196986400006,52.5752479020001,52,Great Yarmouth and Gorleston,ALB/ILB,Norfolk,NorthAndEast,East,GBR,NorthAndEast,9,52.5752182,1.73191798,https://rnli.org/find-my-nearest/lifeboat-stations/great-yarmouth-and-gorleston-lifeboat-station
1.55619732400004,52.8132981730001,53,Happisburgh,ILB,Norfolk,NorthAndEast,East,GBR,NorthAndEast,9,52.81329817,1.55619732,https://rnli.org/find-my-nearest/lifeboat-stations/happisburgh-lifeboat-station
1.75281246900005,52.4716917000001,54,Lowestoft,ALB,Suffolk,NorthAndEast,East,GBR,NorthAndEast,9,52.47167206,1.75298703,https://rnli.org/find-my-nearest/lifeboat-stations/lowestoft-lifeboat-station
1.67248175500004,52.3149830040001,55,Southwold,ILB,Suffolk,NorthAndEast,East,GBR,NorthAndEast,9,52.31496048,1.67246699,https://rnli.org/find-my-nearest/lifeboat-stations/southwold-lifeboat-station
1.60261618500004,52.152270576,56,Aldeburgh,ALB/ILB,Suffolk,NorthAndEast,East,GBR,NorthAndEast,9,52.15307999,1.602759,https://rnli.org/find-my-nearest/lifeboat-stations/aldeburgh-lifeboat-station
0.802529991000029,51.629184723,57,Burnham-on-Crouch,ILB,Essex,NorthAndEast,South East,GBR,NorthAndEast,10,51.62918472,0.80252999,https://rnli.org/find-my-nearest/lifeboat-stations/burnham-on-crouch-lifeboat-station
1.14130000000006,51.7815000000001,58,Clacton-on-Sea,ILB,Essex,NorthAndEast,East,GBR,NorthAndEast,10,51.78152847,1.14126897,https://rnli.org/find-my-nearest/lifeboat-stations/clacton-on-sea-lifeboat-station
1.28718435700006,51.9486572650001,59,Harwich,ALB/ILB,Essex,NorthAndEast,East,GBR,NorthAndEast,10,51.94859695,1.28712201,https://rnli.org/find-my-nearest/lifeboat-stations/harwich-lifeboat-station
1.27119165000005,51.847245188,60,Walton and Frinton,ALB,Essex,NorthAndEast,East,GBR,NorthAndEast,10,51.84725952,1.27116501,https://rnli.org/find-my-nearest/lifeboat-stations/walton-and-frinton-lifeboat-station
0.898663509000073,51.7803365240001,61,West Mersea,ILB,Essex,NorthAndEast,East,GBR,NorthAndEast,10,51.7803154,0.89876801,https://rnli.org/find-my-nearest/lifeboat-stations/west-mersea-lifeboat-station
-0.251584269999967,51.482196206,62,Chiswick,ILB,Greater London,South East,South East,GBR,South East,11,51.48213577,-0.251578,https://rnli.org/find-my-nearest/lifeboat-stations/chiswick-lifeboat-station
0.374681366000061,51.445264788,63,Gravesend,ILB,Kent,South East,South East,GBR,South East,11,51.44527054,0.37455401,https://rnli.org/find-my-nearest/lifeboat-stations/gravesend-lifeboat-station
0.744001985000068,51.4461784360001,64,Sheerness,ALB/ILB,Kent,South East,South East,GBR,South East,11,51.445604,0.744558,https://rnli.org/find-my-nearest/lifeboat-stations/sheerness-lifeboat-station
0.716346025000064,51.5324249270001,65,Southend-on-Sea,ILB,Essex,South East,South East,GBR,South East,11,51.53242493,0.71634602,https://rnli.org/find-my-nearest/lifeboat-stations/southend-on-sea-lifeboat-station
-0.32606334999997,51.4306287160001,66,Teddington,ILB,Greater London,South East,South East,GBR,South East,11,51.4308548,-0.325719,https://rnli.org/find-my-nearest/lifeboat-stations/teddington-lifeboat-station
-0.117225497999925,51.5099199950001,67,Tower,ILB,Greater London,South East,South East,GBR,South East,11,51.5099678,-0.117368,https://rnli.org/find-my-nearest/lifeboat-stations/tower-lifeboat-station
1.38269326900007,51.3916164880001,68,Margate,ALB/ILB,Kent,South East,South East,GBR,South East,12,51.39163971,1.38274801,https://rnli.org/find-my-nearest/lifeboat-stations/margate-lifeboat-station
1.41967139700006,51.328903295,69,Ramsgate,ALB/ILB,Kent,South East,South East,GBR,South East,12,51.32898712,1.41979504,https://rnli.org/find-my-nearest/lifeboat-stations/ramsgate-lifeboat-station
1.40298977300006,51.2135315560001,70,Walmer,ILB,Kent,South East,South East,GBR,South East,12,51.21353531,1.40303695,https://rnli.org/find-my-nearest/lifeboat-stations/walmer-lifeboat-station
1.02576688100004,51.3625905230001,71,Whitstable,ILB,Kent,South East,South East,GBR,South East,12,51.36256027,1.02577102,https://rnli.org/find-my-nearest/lifeboat-stations/whitstable-lifeboat-station
1.31060000000002,51.1183,72,Dover,ALB,Kent,South East,South East,GBR,South East,13,51.11825562,1.31068301,https://rnli.org/find-my-nearest/lifeboat-stations/dover-lifeboat-station
0.976546851000023,50.9265063710001,73,Dungeness,ALB,Kent,South East,South East,GBR,South East,13,50.92647934,0.97647399,https://rnli.org/find-my-nearest/lifeboat-stations/dungeness-lifeboat-station
0.591785851000054,50.854919346,74,Hastings,ALB/ILB,East Sussex,South East,South East,GBR,South East,13,50.85507965,0.59171701,https://rnli.org/find-my-nearest/lifeboat-stations/hastings-lifeboat-station
0.96563554100004,50.974593505,75,Littlestone-on-Sea,ILB,Kent,South East,South East,GBR,South East,13,50.97462082,0.96558702,https://rnli.org/find-my-nearest/lifeboat-stations/littlestone-on-sea-lifeboat-station
0.76410551400005,50.93848237,76,Rye Harbour,ILB,East Sussex,South East,South East,GBR,South East,13,50.93847275,0.76404899,https://rnli.org/find-my-nearest/lifeboat-stations/rye-harbour-lifeboat-station
-0.1043,50.8109000000001,77,Brighton,ILB,East Sussex,South East,South East,GBR,South East,14,50.81069565,-0.10422,https://rnli.org/find-my-nearest/lifeboat-stations/brighton-lifeboat-station
0.327696110000034,50.7911790210001,78,Eastbourne,ALB/ILB,East Sussex,South East,South East,GBR,South East,14,50.79111862,0.328049,https://rnli.org/find-my-nearest/lifeboat-stations/eastbourne-lifeboat-station
-0.544482761999973,50.808029671,79,Littlehampton,ILB,West Sussex,South East,South East,GBR,South East,14,50.80802155,-0.54454499,https://rnli.org/find-my-nearest/lifeboat-stations/littlehampton-lifeboat-station
0.053719841000031,50.788517036,80,Newhaven,ALB,East Sussex,South East,South East,GBR,South East,14,50.78853989,0.053722,https://rnli.org/find-my-nearest/lifeboat-stations/newhaven-lifeboat-station
-0.780092258999957,50.7282719350001,81,Selsey,ALB/ILB,West Sussex,South East,South East,GBR,South East,47,50.728204,-0.77994,https://rnli.org/find-my-nearest/lifeboat-stations/selsey-lifeboat-station
-0.249,50.8304000000001,82,Shoreham Harbour,ALB/ILB,West Sussex,South East,South East,GBR,South East,14,50.83036804,-0.248951,https://rnli.org/find-my-nearest/lifeboat-stations/shoreham-harbour-lifeboat-station
-1.07048001499993,50.6902018270001,83,Bembridge,ALB/ILB,Isle Of Wight,South East,Channel,GBR,South East,15,50.68859482,-1.07243705,https://rnli.org/find-my-nearest/lifeboat-stations/bembridge-lifeboat-station
-1.30830175699992,50.8201951890001,84,Calshot,ILB,Hampshire,South East,Channel,GBR,South East,15,50.82024765,-1.30833995,https://rnli.org/find-my-nearest/lifeboat-stations/calshot-lifeboat-station
-1.29809856799994,50.7648005830001,85,Cowes,ILB,Isle Of Wight,South East,Channel,GBR,South East,15,50.76473236,-1.29828596,https://rnli.org/find-my-nearest/lifeboat-stations/cowes-lifeboat-station
-0.936680627999976,50.7816242160001,86,Hayling Island,ILB,Hampshire,South East,Channel,GBR,South East,47,50.78171158,-0.93676799,https://rnli.org/find-my-nearest/lifeboat-stations/hayling-island-lifeboat-station
-1.52909999999997,50.7539,87,Lymington,ILB,Hampshire,South East,Central,GBR,South East,16,50.75381088,-1.52921903,https://rnli.org/find-my-nearest/lifeboat-stations/lymington-lifeboat-station
-1.02981071199997,50.7952261990001,88,Portsmouth,ILB,Hampshire,South East,Channel,GBR,South East,47,50.795372,-1.029863,https://rnli.org/find-my-nearest/lifeboat-stations/portsmouth-lifeboat-station
-1.50043999999997,50.7061620000001,89,Yarmouth (IOW),ALB,Isle Of Wight,South East,Channel,GBR,South East,15,50.70615387,-1.50047505,https://rnli.org/find-my-nearest/lifeboat-stations/yarmouth-lifeboat-station
-1.74206494799995,50.7243192130001,90,Mudeford,ILB,Dorset,South East,Channel,GBR,South East,16,50.72428513,-1.74226606,https://rnli.org/find-my-nearest/lifeboat-stations/mudeford-lifeboat-station
-1.99197195899995,50.712713819,91,Poole,ALB/ILB,Dorset,South East,Channel,GBR,South East,16,50.71268845,-1.99197495,https://rnli.org/find-my-nearest/lifeboat-stations/poole-lifeboat-station
-1.94670825799994,50.607232981,92,Swanage,ALB/ILB,Dorset,South East,Channel,GBR,South East,16,50.60729218,-1.94666004,https://rnli.org/find-my-nearest/lifeboat-stations/swanage-lifeboat-station
-2.20010557399996,49.7239920220001,93,Alderney,ALB,Alderney,South West,Channel,GBR,South West,17,49.72409821,-2.20012999,https://rnli.org/find-my-nearest/lifeboat-stations/alderney-lifeboat-station
-2.03026249399994,49.2179599250001,94,St Catherine,ILB,Jersey,South West,Channel,GBR,South West,17,49.21793365,-2.03017211,https://rnli.org/find-my-nearest/lifeboat-stations/st-catherine-lifeboat-station
-2.11279999999994,49.1805000000001,95,St Helier,ALB/ILB,Jersey,South West,Channel,GBR,South West,17,49.18067169,-2.11303401,https://rnli.org/find-my-nearest/lifeboat-stations/st-helier-lifeboat-station
-2.53341453399997,49.4527424870001,96,St Peter Port,ALB/ILB,Guernsey,South West,Channel,GBR,South West,17,49.45796585,-2.52986193,https://rnli.org/find-my-nearest/lifeboat-stations/st-peter-port-lifeboat-station
-3.39901483199998,50.610981629,97,Exmouth,ALB/ILB,Devon,South West,Channel,GBR,South West,18,50.61104584,-3.39897609,https://rnli.org/find-my-nearest/lifeboat-stations/exmouth-lifeboat-station
-2.93899999999996,50.7204,98,Lyme Regis,ILB,Dorset,South West,Central,GBR,South West,18,50.72043991,-2.93901706,https://rnli.org/find-my-nearest/lifeboat-stations/lyme-regis-lifeboat-station
-3.49790168999994,50.542167055,99,Teignmouth,ILB,Devon,South West,Channel,GBR,South West,18,50.54216385,-3.4978261,https://rnli.org/find-my-nearest/lifeboat-stations/teignmouth-lifeboat-station
-3.50552148899993,50.3991837930001,100,Torbay,ALB/ILB,Devon,South West,Channel,GBR,South West,19,50.39915466,-3.50548601,https://rnli.org/find-my-nearest/lifeboat-stations/torbay-lifeboat-station
-2.45015811899998,50.6072425840001,101,Weymouth,ALB/ILB,Dorset,South West,Channel,GBR,South West,18,50.60724258,-2.45015812,https://rnli.org/find-my-nearest/lifeboat-stations/weymouth-lifeboat-station
-3.57801188399998,50.3547305390001,102,Dart,ILB,Devon,South West,Channel,GBR,South West,19,50.35474396,-3.57801604,https://rnli.org/find-my-nearest/lifeboat-stations/dart-lifeboat-station
-4.15039999999993,50.3631,103,Plymouth,ALB/ILB,Devon,South West,South West,GBR,South West,19,50.36304092,-4.15038204,https://rnli.org/find-my-nearest/lifeboat-stations/plymouth-lifeboat-station
-3.76671208199997,50.2386043770001,104,Salcombe,ALB/ILB,Devon,South West,South West,GBR,South West,19,50.23866272,-3.76665807,https://rnli.org/find-my-nearest/lifeboat-stations/salcombe-lifeboat-station
-5.05919999999998,50.1514000000001,105,Falmouth,ALB/ILB,Cornwall,South West,South West,GBR,South West,20,50.15130615,-5.05911398,https://rnli.org/find-my-nearest/lifeboat-stations/falmouth-lifeboat-station
-4.63232942299993,50.3387217220001,106,Fowey,ALB/ILB,Cornwall,South West,South West,GBR,South West,20,50.33872604,-4.63234282,https://rnli.org/find-my-nearest/lifeboat-stations/fowey-lifeboat-station
-4.45324102299998,50.3520193100001,107,Looe,ILB,Cornwall,South West,South West,GBR,South West,20,50.35197067,-4.4531498,https://rnli.org/find-my-nearest/lifeboat-stations/looe-lifeboat-station
-5.18704501399998,49.9695118290001,108,The Lizard,ALB,Cornwall,South West,South West,GBR,South West,20,49.96951183,-5.18704501,https://rnli.org/find-my-nearest/lifeboat-stations/the-lizard-lifeboat-station
-5.54872322099993,50.1039314270001,109,Penlee,ALB/ILB,Cornwall,South West,South West,GBR,South West,21,50.10393143,-5.54872322,https://rnli.org/find-my-nearest/lifeboat-stations/penlee-lifeboat-station
-5.70365589699998,50.0778640080001,110,Sennen Cove,ALB/ILB,Cornwall,South West,South West,GBR,South West,21,50.07793045,-5.70370102,https://rnli.org/find-my-nearest/lifeboat-stations/sennen-cove-lifeboat-station
-5.47959999999995,50.2128000000001,111,St Ives,ALB/ILB,Cornwall,South West,South West,GBR,South West,21,50.21273804,-5.47952795,https://rnli.org/find-my-nearest/lifeboat-stations/st-ives-lifeboat-station
-5.08712455599994,50.416410726,112,Newquay (Cornwall),ILB,Cornwall,South West,South West,GBR,South West,22,50.4164772,-5.08729219,https://rnli.org/find-my-nearest/lifeboat-stations/newquay-lifeboat-station
-5.20169999999996,50.3195000000001,113,St Agnes,ILB,Cornwall,South West,South West,GBR,South West,22,50.31923676,-5.20183277,https://rnli.org/find-my-nearest/lifeboat-stations/st-agnes-lifeboat-station
-6.31171337099994,49.9168634430001,114,St Mary's,ALB,Isles Of Scilly,South West,South West,GBR,South West,22,49.91685867,-6.31166696,https://rnli.org/find-my-nearest/lifeboat-stations/st-marys-lifeboat-station
-4.55000787599994,50.8308948260001,115,Bude,ILB,Cornwall,South West,South West,GBR,South West,23,50.83073425,-4.55008316,https://rnli.org/find-my-nearest/lifeboat-stations/bude-lifeboat-station
-5.02172011299996,50.5490344470001,116,Padstow,ALB,Cornwall,South West,South West,GBR,South West,23,50.5490303,-5.0217309,https://rnli.org/find-my-nearest/lifeboat-stations/padstow-lifeboat-station
-4.83199247699997,50.5920122530001,117,Port Isaac,ILB,Cornwall,South West,South West,GBR,South West,23,50.59200668,-4.8319931,https://rnli.org/find-my-nearest/lifeboat-stations/port-isaac-lifeboat-station
-4.92447892199993,50.5446427790001,118,Rock,ILB,Cornwall,South West,South West,GBR,South West,23,50.5446167,-4.92449284,https://rnli.org/find-my-nearest/lifeboat-stations/rock-lifeboat-station
-4.19986903299997,51.056909316,119,Appledore,ALB/ILB,Devon,South West,South West,GBR,South West,24,51.05697632,-4.19973278,https://rnli.org/find-my-nearest/lifeboat-stations/appledore-lifeboat-station
-2.99729999999994,51.2337000000001,120,Burnham-on-Sea,ILB,Somerset,South West,Wales South & Severn,GBR,South West,24,51.23371887,-2.99720001,https://rnli.org/find-my-nearest/lifeboat-stations/burnham-on-sea-lifeboat-station
-4.39759999999995,50.9983,121,Clovelly,ILB,Devon,South West,South West,GBR,South West,24,50.99832535,-4.39756823,https://rnli.org/find-my-nearest/lifeboat-stations/clovelly-lifeboat-station
-4.11608836999994,51.2096628450001,122,Ilfracombe,ALB/ILB,Devon,South West,South West,GBR,South West,24,51.20965958,-4.11611509,https://rnli.org/find-my-nearest/lifeboat-stations/ilfracombe-lifeboat-station
-3.47522422099996,51.2140493960001,123,Minehead,ILB,Somerset,South West,Wales South & Severn,GBR,South West,24,51.21402359,-3.47530603,https://rnli.org/find-my-nearest/lifeboat-stations/minehead-lifeboat-station
-3.26192265599997,51.3932990610001,124,Barry Dock,ALB/ILB,South Glamorgan,WalesAndWest,Wales South & Severn,GBR,WalesAndWest,25,51.39315033,-3.26149702,https://rnli.org/find-my-nearest/lifeboat-stations/barry-dock-lifeboat-station
-3.16900999999996,51.4325298150001,125,Penarth,ILB,South Glamorgan,WalesAndWest,Wales South & Severn,GBR,WalesAndWest,25,51.43255997,-3.16901898,https://rnli.org/find-my-nearest/lifeboat-stations/penarth-lifeboat-station
-3.70205905899996,51.4741691090001,126,Porthcawl,ILB,South Glamorgan,WalesAndWest,Wales South & Severn,GBR,WalesAndWest,25,51.47415161,-3.70202208,https://rnli.org/find-my-nearest/lifeboat-stations/porthcawl-lifeboat-station
-2.75678626299998,51.493793173,127,Portishead,ILB,Somerset,South West,Wales South & Severn,GBR,South West,24,51.493892,-2.756968,https://rnli.org/find-my-nearest/lifeboat-stations/portishead-lifeboat-station
-2.98800599999993,51.352089,128,Weston-Super-Mare,ILB,Somerset,South West,Wales South & Severn,GBR,South West,24,51.35225296,-2.98818493,https://rnli.org/find-my-nearest/lifeboat-stations/weston-super-mare-lifeboat-station
-4.24844943999994,51.6797132820001,129,Burry Port,ILB,Carmarthenshire,WalesAndWest,Wales South & Severn,GBR,WalesAndWest,26,51.67973328,-4.24847794,https://rnli.org/find-my-nearest/lifeboat-stations/burry-port-lifeboat-station
-4.20109999999994,51.5483,130,Horton and Port Eynon,ILB,Swansea,WalesAndWest,Wales South & Severn,GBR,WalesAndWest,26,51.5483017,-4.20110083,https://rnli.org/find-my-nearest/lifeboat-stations/horton-and-port-eynon-lifeboat-station
-3.81683698099994,51.5935380160001,131,Port Talbot,ILB,Neath Port Talbot,WalesAndWest,Wales South & Severn,GBR,WalesAndWest,26,51.59354401,-3.81685591,https://rnli.org/find-my-nearest/lifeboat-stations/port-talbot-lifeboat-station
-4.69372854099993,51.6730892510001,132,Tenby,ALB/ILB,Pembrokeshire,WalesAndWest,Wales South & Severn,GBR,WalesAndWest,26,51.67302322,-4.69381714,https://rnli.org/find-my-nearest/lifeboat-stations/tenby-lifeboat-station
-3.97417497599997,51.5698547360001,133,The Mumbles,ALB/ILB,Swansea,WalesAndWest,Wales South & Severn,GBR,WalesAndWest,26,51.56985474,-3.97417498,https://rnli.org/find-my-nearest/lifeboat-stations/the-mumbles-lifeboat-station
-5.07903793099996,51.689476347,134,Angle,ALB/ILB,Pembrokeshire,WalesAndWest,Wales South & Severn,GBR,WalesAndWest,27,51.68939209,-5.07906294,https://rnli.org/find-my-nearest/lifeboat-stations/angle-lifeboat-station
-4.98419999999993,52.0133000000001,135,Fishguard,ALB/ILB,Pembrokeshire,WalesAndWest,Wales South & Severn,GBR,WalesAndWest,27,52.01329803,-4.98410177,https://rnli.org/find-my-nearest/lifeboat-stations/fishguard-lifeboat-station
-5.10711653299995,51.773168438,136,Little and Broad Haven,ILB,Pembrokeshire,WalesAndWest,Wales South & Severn,GBR,WalesAndWest,27,51.77315521,-5.10714912,https://rnli.org/find-my-nearest/lifeboat-stations/little-and-broad-haven-lifeboat-station
-5.30910487599994,51.878558765,137,St Davids,ALB/ILB,Pembrokeshire,WalesAndWest,Wales South & Severn,GBR,WalesAndWest,27,51.87858582,-5.30905199,https://rnli.org/find-my-nearest/lifeboat-stations/st-davids-lifeboat-station
-4.04566338799998,52.543235564,138,Aberdovey,ILB,Gwynedd,WalesAndWest,Wales South & Severn,GBR,WalesAndWest,28,52.54315948,-4.04566193,https://rnli.org/find-my-nearest/lifeboat-stations/aberdovey-lifeboat-station
-4.08892345999993,52.4087825,139,Aberystwyth,ILB,Ceredigion,WalesAndWest,Wales South & Severn,GBR,WalesAndWest,28,52.40875244,-4.08892584,https://rnli.org/find-my-nearest/lifeboat-stations/aberystwyth-lifeboat-station
-4.05579999999998,52.7209,140,Barmouth,ALB/ILB,Gwynedd,WalesAndWest,Wales & North West,GBR,WalesAndWest,28,52.7209549,-4.05568218,https://rnli.org/find-my-nearest/lifeboat-stations/barmouth-lifeboat-station
-4.05137713599993,52.4812620480001,141,Borth,ILB,Ceredigion,WalesAndWest,Wales South & Severn,GBR,WalesAndWest,28,52.48120117,-4.05140209,https://rnli.org/find-my-nearest/lifeboat-stations/borth-lifeboat-station
-4.69949999999994,52.1047,142,Cardigan,ILB,Ceredigion,WalesAndWest,Wales South & Severn,GBR,WalesAndWest,28,52.10474014,-4.69953299,https://rnli.org/find-my-nearest/lifeboat-stations/cardigan-lifeboat-station
-4.35759037699995,52.2134980610001,143,New Quay (Ceredigion),ALB/ILB,Ceredigion,WalesAndWest,Wales South & Severn,GBR,WalesAndWest,28,52.21351242,-4.35761881,https://rnli.org/find-my-nearest/lifeboat-stations/new-quay-lifeboat-station
-4.50443766299998,52.82646872,144,Abersoch,ILB,Gwynedd,WalesAndWest,Wales South & Severn,GBR,WalesAndWest,29,52.82647705,-4.50444317,https://rnli.org/find-my-nearest/lifeboat-stations/abersoch-lifeboat-station
-4.09079999999994,53.2622000000001,145,Beaumaris,ILB,Gwynedd,WalesAndWest,Wales & North West,GBR,WalesAndWest,29,53.26221466,-4.09085417,https://rnli.org/find-my-nearest/lifeboat-stations/beaumaris-lifeboat-station
-4.23041371299996,52.9180019550001,146,Criccieth,ILB,Gwynedd,WalesAndWest,Wales & North West,GBR,WalesAndWest,29,52.91806412,-4.23047876,https://rnli.org/find-my-nearest/lifeboat-stations/criccieth-lifeboat-station
-4.64181259299994,53.3179989970001,147,Holyhead,ALB/ILB,Gwynedd,WalesAndWest,Wales & North West,GBR,WalesAndWest,29,53.3180275,-4.64183617,https://rnli.org/find-my-nearest/lifeboat-stations/holyhead-lifeboat-station
-4.23197720699994,53.35464885,148,Moelfre,ALB/ILB,Gwynedd,WalesAndWest,Wales & North West,GBR,WalesAndWest,29,53.35466385,-4.23195696,https://rnli.org/find-my-nearest/lifeboat-stations/moelfre-lifeboat-station
-4.56459643299996,52.946956974,149,Porthdinllaen,ALB,Gwynedd,WalesAndWest,Wales & North West,GBR,WalesAndWest,29,52.94698715,-4.56472302,https://rnli.org/find-my-nearest/lifeboat-stations/porthdinllaen-lifeboat-station
-4.40219999999994,52.8828,150,Pwllheli,ALB/ILB,Gwynedd,WalesAndWest,Wales & North West,GBR,WalesAndWest,29,52.88276291,-4.40224314,https://rnli.org/find-my-nearest/lifeboat-stations/pwllheli-lifeboat-station
-4.61996087299997,53.2806853050001,151,Trearddur Bay,ILB,Gwynedd,WalesAndWest,Wales & North West,GBR,WalesAndWest,29,53.28065491,-4.61976194,https://rnli.org/find-my-nearest/lifeboat-stations/trearddur-bay-lifeboat-station
-3.82625567999997,53.2807983710001,152,Conwy,ILB,Conwy,WalesAndWest,Wales & North West,GBR,WalesAndWest,30,53.28094101,-3.82638597,https://rnli.org/find-my-nearest/lifeboat-stations/conwy-lifeboat-station
-3.12846228499996,53.250505758,153,Flint,ILB,Flintshire,WalesAndWest,Wales & North West,GBR,WalesAndWest,30,53.25050735,-3.12846994,https://rnli.org/find-my-nearest/lifeboat-stations/flint-lifeboat-station
-3.17759846999996,53.3993020560001,154,Hoylake,ALB/ILB,Merseyside,WalesAndWest,Wales & North West,GBR,WalesAndWest,45,53.399188,-3.177513,https://rnli.org/find-my-nearest/lifeboat-stations/hoylake-lifeboat-station
-3.80224999999996,53.3228833000001,155,Llandudno,ALB/ILB,Conwy,WalesAndWest,Wales & North West,GBR,WalesAndWest,30,53.3228833,-3.80225,https://rnli.org/find-my-nearest/lifeboat-stations/llandudno-lifeboat-station
-3.04726399999993,53.4394590000001,156,New Brighton,ILB,Merseyside,WalesAndWest,Wales & North West,GBR,WalesAndWest,45,53.43945313,-3.04727411,https://rnli.org/find-my-nearest/lifeboat-stations/new-brighton-lifeboat-station
-3.48899999999998,53.3251000000001,157,Rhyl,ALB/ILB,Denbighshire,WalesAndWest,Wales & North West,GBR,WalesAndWest,30,53.32505035,-3.48888612,https://rnli.org/find-my-nearest/lifeboat-stations/rhyl-lifeboat-station
-3.18269999999995,53.3659000000001,158,West Kirby,ILB,Merseyside,WalesAndWest,Wales & North West,GBR,WalesAndWest,45,53.36605835,-3.18234396,https://rnli.org/find-my-nearest/lifeboat-stations/west-kirby-lifeboat-station
-3.17329205199997,54.0724058860001,159,Barrow,ALB/ILB,Cumbria,WalesAndWest,Wales & North West,GBR,WalesAndWest,31,54.07250977,-3.17332697,https://rnli.org/find-my-nearest/lifeboat-stations/barrow-lifeboat-station
-3.05609999999996,53.8133,160,Blackpool,ILB,Lancashire,WalesAndWest,Wales & North West,GBR,WalesAndWest,31,53.81344223,-3.05609798,https://rnli.org/find-my-nearest/lifeboat-stations/blackpool-lifeboat-station
-3.00644174899998,53.927750562,161,Fleetwood,ALB/ILB,Lancashire,WalesAndWest,Wales & North West,GBR,WalesAndWest,31,53.92775726,-3.006531,https://rnli.org/find-my-nearest/lifeboat-stations/fleetwood-lifeboat-station
-3.03268871599994,53.746724069,162,Lytham St Annes,ALB/ILB,Lancashire,WalesAndWest,West & North West,GBR,WalesAndWest,31,53.7467,-3.0326,https://rnli.org/find-my-nearest/lifeboat-stations/lytham-st-annes-lifeboat-station
-2.86359999999996,54.0751000000001,163,Morecambe,ILB,Lancashire,WalesAndWest,Wales & North West,GBR,WalesAndWest,31,54.07511139,-2.86361194,https://rnli.org/find-my-nearest/lifeboat-stations/morecambe-lifeboat-station
-3.39322347699994,54.8700507410001,164,Silloth,ILB,Cumbria,WalesAndWest,North & Scot South,GBR,WalesAndWest,31,54.87001801,-3.39316606,https://rnli.org/find-my-nearest/lifeboat-stations/silloth-lifeboat-station
-3.60649999999993,54.491,165,St Bees,ILB,Cumbria,WalesAndWest,North & Scot South,GBR,WalesAndWest,31,54.4910965,-3.60655689,https://rnli.org/find-my-nearest/lifeboat-stations/st-bees-lifeboat-station
-3.56765998299994,54.6508943590001,166,Workington,ALB/ILB,Cumbria,WalesAndWest,North & Scot South,GBR,WalesAndWest,31,54.65088654,-3.56768894,https://rnli.org/find-my-nearest/lifeboat-stations/workington-lifeboat-station
-4.85762325399998,55.243381576,167,Girvan,ALB,South Ayrshire,Scotland,Central & Shetland,GBR,Scotland,32,55.24337769,-4.85763884,https://rnli.org/find-my-nearest/lifeboat-stations/girvan-lifeboat-station
-4.77340038599993,56.013128533,168,Helensburgh,ILB,Argyll and Bute,Scotland,Central & Shetland,GBR,Scotland,32,56.01304626,-4.773417,https://rnli.org/find-my-nearest/lifeboat-stations/helensburgh-lifeboat-station
-3.81349999999998,54.8765000000001,169,Kippford,ILB,Dumfries And Galloway,Scotland,North & Scot South,GBR,Scotland,42,54.87649536,-3.81349802,https://rnli.org/find-my-nearest/lifeboat-stations/kippford-lifeboat-station
-4.04750680899997,54.8396263120001,170,Kirkcudbright,ILB,Dumfries And Galloway,Scotland,North & Scot South,GBR,Scotland,42,54.794665,-4.062456,https://rnli.org/find-my-nearest/lifeboat-stations/kirkcudbright-lifeboat-station
-4.87052608399995,55.8000102190001,171,Largs,ILB,North Ayrshire,Scotland,Central & Shetland,GBR,Scotland,32,55.80015182,-4.87068176,https://rnli.org/find-my-nearest/lifeboat-stations/largs-lifeboat-station
-5.11984932999997,54.8419490700001,172,Portpatrick,ALB,Dumfries And Galloway,Scotland,North & Scot South,GBR,Scotland,32,54.84193039,-5.11991882,https://rnli.org/find-my-nearest/lifeboat-stations/portpatrick-lifeboat-station
-5.03522430699996,54.9081385810001,173,Stranraer,ILB,Dumfries And Galloway,Scotland,North & Scot South,GBR,Scotland,32,54.90816879,-5.03522491,https://rnli.org/find-my-nearest/lifeboat-stations/stranraer-lifeboat-station
-4.68139999999994,55.5481,174,Troon,ALB/ILB,South Ayrshire,Scotland,Central & Shetland,GBR,Scotland,32,55.54812241,-4.68140984,https://rnli.org/find-my-nearest/lifeboat-stations/troon-lifeboat-station
-5.12479280199994,55.535229375,175,Arran (Lamlash),ILB,North Ayrshire,Scotland,Central & Shetland,GBR,Scotland,33,55.53525925,-5.12477922,https://rnli.org/find-my-nearest/lifeboat-stations/arran-lifeboat-station
-5.60186772999998,55.4251988720001,176,Campbeltown,ALB/ILB,Argyll and Bute,Scotland,Central & Shetland,GBR,Scotland,33,55.4251709,-5.60196304,https://rnli.org/find-my-nearest/lifeboat-stations/campbeltown-lifeboat-station
-6.10479957599995,55.847496,177,Islay,ALB,Argyll and Bute,Scotland,Central & Shetland,GBR,Scotland,33,55.84852219,-6.10505915,https://rnli.org/find-my-nearest/lifeboat-stations/islay-lifeboat-station
-5.47959170399997,56.4110718840001,178,Oban,ALB,Argyll and Bute,Scotland,Highlands,GBR,Scotland,33,56.41102982,-5.47961903,https://rnli.org/find-my-nearest/lifeboat-stations/oban-lifeboat-station
-5.23263679399997,55.906743427,179,Tighnabruaich,ILB,Argyll and Bute,Scotland,Central & Shetland,GBR,Scotland,33,55.90673447,-5.23264122,https://rnli.org/find-my-nearest/lifeboat-stations/tighnabruaich-lifeboat-station
-6.06430446299993,56.623206044,180,Tobermory,ALB,Argyll and Bute,Scotland,Highlands,GBR,Scotland,33,56.62326813,-6.06437778,https://rnli.org/find-my-nearest/lifeboat-stations/tobermory-lifeboat-station
-7.48712866399995,56.9541098940001,181,Barra Island,ALB,Western Isles,Scotland,Central & Shetland,GBR,Scotland,32,56.95412445,-7.48712397,https://rnli.org/find-my-nearest/lifeboat-stations/barra-island-lifeboat-station
-5.71459491099995,57.280223988,182,Kyle of Lochalsh,ILB,Highland,Scotland,Highlands,GBR,Scotland,2,57.28015518,-5.71470404,https://rnli.org/find-my-nearest/lifeboat-stations/kyle-of-lochalsh-lifeboat-station
-7.02484066299996,57.767643531,183,Leverburgh,ALB,Highland,Scotland,Highlands,GBR,Scotland,34,57.767806,-7.023783,https://rnli.org/find-my-nearest/lifeboat-stations/leverburgh-lifeboat-station
-5.24770136699993,58.1468913530001,184,Lochinver,ALB,Highland,Scotland,Highlands,GBR,Scotland,2,58.14678955,-5.24759722,https://rnli.org/find-my-nearest/lifeboat-stations/lochinver-lifeboat-station
-5.82869999999997,57.006,185,Mallaig,ALB,Highland,Scotland,Highlands,GBR,Scotland,33,57.00628662,-5.82900906,https://rnli.org/find-my-nearest/lifeboat-stations/mallaig-lifeboat-station
-6.18990915099994,57.4107143680001,186,Portree,ALB,Highland,Scotland,Highlands,GBR,Scotland,2,57.41078949,-6.19001818,https://rnli.org/find-my-nearest/lifeboat-stations/portree-lifeboat-station
-6.38917134999997,58.2100388760001,187,Stornoway,ALB,Western Isles,Scotland,Highlands,GBR,Scotland,2,58.21006393,-6.38903809,https://rnli.org/find-my-nearest/lifeboat-stations/stornoway-lifeboat-station
-5.66715545199997,54.6657210070001,188,Bangor (Co Down),ILB,County Down,Ireland,North & IOM,GBR,Ireland,35,54.66569519,-5.66716719,https://rnli.org/find-my-nearest/lifeboat-stations/bangor-lifeboat-station
-5.53200017399996,54.6434258080001,189,Donaghadee,ALB,County Down,Ireland,North & IOM,GBR,Ireland,35,54.64343262,-5.53198385,https://rnli.org/find-my-nearest/lifeboat-stations/donaghadee-lifeboat-station
-7.67999999999995,54.4228000000001,190,Enniskillen,ILB,County Fermanagh,Ireland,North & IOM,GBR,Ireland,41,54.42248535,-7.68214417,https://rnli.org/find-my-nearest/lifeboat-stations/enniskillen-lifeboat-station
-5.80009999999993,54.8467000000001,192,Larne,ALB/ILB,County Antrim,Ireland,North & IOM,GBR,Ireland,35,54.84673309,-5.80012894,https://rnli.org/find-my-nearest/lifeboat-stations/larne-lifeboat-station
-6.65661118899993,55.2068188920001,193,Portrush,ALB/ILB,County Antrim,Ireland,North & IOM,GBR,Ireland,35,55.20681,-6.65661478,https://rnli.org/find-my-nearest/lifeboat-stations/portrush-lifeboat-station
-6.05348184599995,55.0749711650001,194,Red Bay,ALB/ILB,County Antrim,Ireland,North & IOM,GBR,Ireland,35,55.07499695,-6.05346394,https://rnli.org/find-my-nearest/lifeboat-stations/red-bay-lifeboat-station
-4.46959817799996,54.1449526010001,195,Douglas,ALB,Isle Of Man,WalesAndWest,North & IOM,GBR,WalesAndWest,46,54.14487076,-4.46974611,https://rnli.org/find-my-nearest/lifeboat-stations/douglas-lifeboat-station
-5.98964509599995,54.0586544350001,196,Kilkeel,ILB,County Down,Ireland,North & IOM,GBR,Ireland,36,54.05849075,-5.99019098,https://rnli.org/find-my-nearest/lifeboat-stations/kilkeel-lifeboat-station
-5.88713368099997,54.1980533080001,197,Newcastle (Co Down),ALB/ILB,County Down,Ireland,North & IOM,GBR,Ireland,36,54.19796371,-5.8871541,https://rnli.org/find-my-nearest/lifeboat-stations/newcastle-lifeboat-station
-4.69801407299997,54.227063527,198,Peel,ALB,Isle Of Man,WalesAndWest,North & IOM,GBR,WalesAndWest,46,54.22709656,-4.69805002,https://rnli.org/find-my-nearest/lifeboat-stations/peel-lifeboat-station
-4.76797218199994,54.0851357060001,199,Port Erin,ILB,Isle Of Man,WalesAndWest,North & IOM,GBR,WalesAndWest,46,54.08519363,-4.76800919,https://rnli.org/find-my-nearest/lifeboat-stations/port-erin-lifeboat-station
-4.73450904999993,54.070465815,200,Port St Mary,ALB/ILB,Isle Of Man,WalesAndWest,North & IOM,GBR,WalesAndWest,46,54.07045364,-4.73450089,https://rnli.org/find-my-nearest/lifeboat-stations/port-st-mary-lifeboat-station
-5.54938245999995,54.3810295700001,201,Portaferry,ILB,County Down,Ireland,North & IOM,GBR,Ireland,36,54.38088608,-5.54928923,https://rnli.org/find-my-nearest/lifeboat-stations/portaferry-lifeboat-station
-4.37838817099993,54.3226257900001,202,Ramsey,ALB,Isle Of Man,WalesAndWest,North & IOM,GBR,WalesAndWest,46,54.32255936,-4.37840509,https://rnli.org/find-my-nearest/lifeboat-stations/ramsey-lifeboat-station
-6.14510280799993,52.791971233,203,Arklow,ALB,County Wicklow,Ireland,Central,IRL,Ireland,37,52.79195404,-6.14506197,https://rnli.org/find-my-nearest/lifeboat-stations/arklow-lifeboat-station
-6.23538451499996,53.7884079500001,204,Clogher Head,ALB,County Louth,Ireland,Central,IRL,Ireland,36,53.78845215,-6.23533487,https://rnli.org/find-my-nearest/lifeboat-stations/clogher-head-lifeboat-station
-6.12989568999996,53.293085601,205,Dun Laoghaire,ALB/ILB,County Dublin,Ireland,Central,IRL,Ireland,37,53.29369736,-6.131042,https://rnli.org/find-my-nearest/lifeboat-stations/dun-laoghaire-lifeboat-station
-6.06825495199996,53.38962245,206,Howth,ALB/ILB,County Dublin,Ireland,Central,IRL,Ireland,36,53.38960648,-6.06827021,https://rnli.org/find-my-nearest/lifeboat-stations/howth-lifeboat-station
-7.92837916499997,53.4640333890001,207,Lough Ree,ILB,County Westmeath,Ireland,Central,IRL,Ireland,37,53.464049,-7.928368,https://rnli.org/find-my-nearest/lifeboat-stations/lough-ree-lifeboat-station
-6.10564606199995,53.5858272410001,208,Skerries,ILB,County Dublin,Ireland,Central,IRL,Ireland,36,53.58582687,-6.10565185,https://rnli.org/find-my-nearest/lifeboat-stations/skerries-lifeboat-station
-6.03268399999996,52.9816010000001,209,Wicklow,ALB/ILB,County Wicklow,Ireland,Central,IRL,Ireland,37,52.98164368,-6.03272486,https://rnli.org/find-my-nearest/lifeboat-stations/wicklow-lifeboat-station
-6.22591327799995,52.643506345,210,Courtown,ILB,County Wexford,Ireland,Central,IRL,Ireland,37,52.64348984,-6.22582579,https://rnli.org/find-my-nearest/lifeboat-stations/courtown-lifeboat-station
-6.99251791399996,52.1470772930001,211,Dunmore East,ALB,County Waterford,Ireland,South,IRL,Ireland,38,52.14705658,-6.99252987,https://rnli.org/find-my-nearest/lifeboat-stations/dunmore-east-lifeboat-station
-6.83820344599997,52.187758392,212,Fethard,ILB,County Wexford,Ireland,South,IRL,Ireland,38,52.18775558,-6.83819819,https://rnli.org/find-my-nearest/lifeboat-stations/fethard-lifeboat-station
-7.53979999999996,52.0538000000001,213,Helvick Head,ILB,County Waterford,Ireland,South,IRL,Ireland,38,52.05461121,-7.54407215,https://rnli.org/find-my-nearest/lifeboat-stations/helvick-head-lifeboat-station
-6.58987655299995,52.1733543340001,214,Kilmore Quay,ALB,County Wexford,Ireland,South,IRL,Ireland,38,52.17327881,-6.58971786,https://rnli.org/find-my-nearest/lifeboat-stations/kilmore-quay-lifeboat-station
-6.33581490499995,52.2539755560001,215,Rosslare Harbour,ALB,County Wexford,Ireland,Central,IRL,Ireland,38,52.25397873,-6.33573723,https://rnli.org/find-my-nearest/lifeboat-stations/rosslare-harbour-lifeboat-station
-7.16056204799997,52.1540963590001,216,Tramore,ILB,County Waterford,Ireland,South,IRL,Ireland,38,52.15410995,-7.16057301,https://rnli.org/find-my-nearest/lifeboat-stations/tramore-lifeboat-station
-6.46163487099994,52.34189115,217,Wexford,ILB,County Wexford,Ireland,Central,IRL,Ireland,37,52.34187317,-6.46169901,https://rnli.org/find-my-nearest/lifeboat-stations/wexford-lifeboat-station
-7.84418788399995,51.9514566280001,218,Youghal,ILB,County Cork,Ireland,South,IRL,Ireland,38,51.95144272,-7.84411812,https://rnli.org/find-my-nearest/lifeboat-stations/youghal-lifeboat-station
-8.00168213299997,51.826984275,219,Ballycotton,ALB,County Cork,Ireland,South,IRL,Ireland,39,51.82696152,-8.00167561,https://rnli.org/find-my-nearest/lifeboat-stations/ballycotton-lifeboat-station
-9.37208324199997,51.487760827,220,Baltimore,ALB/ILB,County Cork,Ireland,South,IRL,Ireland,39,51.4877243,-9.37198353,https://rnli.org/find-my-nearest/lifeboat-stations/baltimore-lifeboat-station
-9.90190076999994,51.6489782530001,221,Castletownbere,ALB,County Cork,Ireland,South,GBR,Ireland,39,51.64899063,-9.90193844,https://rnli.org/find-my-nearest/lifeboat-stations/castletownbere-lifeboat-station
-8.70927575399998,51.6349414760001,222,Courtmacsherry Harbour,ALB,County Cork,Ireland,South,IRL,Ireland,39,51.63493729,-8.70929146,https://rnli.org/find-my-nearest/lifeboat-stations/courtmacsherry-harbour-lifeboat-station
-8.29790975099996,51.804435498,223,Crosshaven,ILB,County Cork,Ireland,South,IRL,Ireland,39,51.80447388,-8.29796124,https://rnli.org/find-my-nearest/lifeboat-stations/crosshaven-lifeboat-station
-8.51799999999997,51.7001000000001,224,Kinsale,ILB,County Cork,Ireland,South,IRL,Ireland,39,51.70141983,-8.51908684,https://rnli.org/find-my-nearest/lifeboat-stations/kinsale-lifeboat-station
-9.13395289599993,51.5587120800001,225,Union Hall,ILB,County Cork,Ireland,South,IRL,Ireland,39,51.55871208,-9.1339529,https://rnli.org/find-my-nearest/lifeboat-stations/union-hall-lifeboat-station
-9.66794015099993,53.1230799430001,226,Aran Islands,ALB,County Galway,Ireland,Central,IRL,Ireland,40,53.1198349,-9.66784287,https://rnli.org/find-my-nearest/lifeboat-stations/aran-islands-lifeboat-station
-10.02977766,53.485853283,227,Clifden,ALB/ILB,County Galway,Ireland,Central,IRL,Ireland,40,53.486161,-10.050669,https://rnli.org/find-my-nearest/lifeboat-stations/clifden-lifeboat-station
-9.86312125399996,52.2717120990001,228,Fenit,ALB/ILB,County Kerry,Ireland,South,IRL,Ireland,40,52.27170181,-9.86300755,https://rnli.org/find-my-nearest/lifeboat-stations/fenit-lifeboat-station
-9.04686981699996,53.2691604710001,229,Galway,ILB,County Galway,Ireland,Central,IRL,Ireland,40,53.26913834,-9.04687881,https://rnli.org/find-my-nearest/lifeboat-stations/galway-lifeboat-station
-9.50056992699996,52.6299449210001,230,Kilrush,ILB,County Clare,Ireland,South,IRL,Ireland,40,52.62997055,-9.50054836,https://rnli.org/find-my-nearest/lifeboat-stations/kilrush-lifeboat-station
-8.27591031699995,52.925978457,231,Lough Derg,ILB,County Donegal,Ireland,Central,IRL,Ireland,37,52.9260788,-8.27563,https://rnli.org/find-my-nearest/lifeboat-stations/lough-derg-lifeboat-station
-10.288281723,51.9268171080001,232,Valentia,ALB,County Kerry,Ireland,South,IRL,Ireland,39,51.92696762,-10.2881918,https://rnli.org/find-my-nearest/lifeboat-stations/valentia-lifeboat-station
-9.94469699999996,53.8827860000001,233,Achill Island,ALB,County Mayo,Ireland,Central,IRL,Ireland,40,53.88277435,-9.94461155,https://rnli.org/find-my-nearest/lifeboat-stations/achill-island-lifeboat-station
-8.49831141599998,54.9971300450001,234,Arranmore,ALB,County Donegal,Ireland,North & IOM,IRL,Ireland,41,54.99696732,-8.49843979,https://rnli.org/find-my-nearest/lifeboat-stations/arranmore-lifeboat-station
-9.89322199999998,54.253746,235,Ballyglass,ALB/ILB,County Mayo,Ireland,Central,IRL,Ireland,40,54.25379181,-9.89318848,https://rnli.org/find-my-nearest/lifeboat-stations/ballyglass-lifeboat-station
-8.28909125399997,54.477008697,236,Bundoran,ILB,County Donegal,Ireland,North & IOM,IRL,Ireland,41,54.47702026,-8.28913593,https://rnli.org/find-my-nearest/lifeboat-stations/bundoran-lifeboat-station
-7.47345682999998,55.1408758110001,237,Lough Swilly,ALB/ILB,County Donegal,Ireland,North & IOM,IRL,Ireland,41,55.14090347,-7.47342777,https://rnli.org/find-my-nearest/lifeboat-stations/lough-swilly-lifeboat-station
-8.56792726699996,54.3050586670001,238,Sligo Bay,ILB,County Sligo,Ireland,North & IOM,IRL,Ireland,41,54.30506516,-8.56790924,https://rnli.org/find-my-nearest/lifeboat-stations/sligo-bay-lifeboat-station
-7.54842299999996,54.287517,239,Carrybridge,ILB,COUNTY FER,Ireland,,GBR,Ireland,41,54.287517,-7.548423,https://rnli.org/find-my-nearest/lifeboat-stations/carrybridge-lifeboat-station
